"First Name","Last Name","Company","Employed"
"Roseann","Parker","Zaggles","No"
"Ford","Knox","Coriander","Yes"
"Graves","Randolph","Supremia","No"
"Sears","Jackson","Netagy","No"
"Bernard","Barrett","Cubix","No"
"Tami","Snider","Lunchpod","Yes"
"Holt","Murphy","Eventage","No"
"Elizabeth","Rice","Deminimum","Yes"
"Herring","Mccray","Waretel","No"
"Wynn","Randall","Animalia","No"
"Briana","Rivas","Dancerity","No"
"Jerry","Carey","Silodyne","Yes"
"Christa","Buckner","Bugsall","Yes"
"Helene","Kinney","Xylar","No"
"Malone","Jennings","Bunga","No"
"Erica","Mcguire","Comverges","Yes"
"Santana","Lynn","Zboo","Yes"
"Mcclain","Gay","Chillium","Yes"
"Castaneda","Bartlett","Pathways","No"
"Singleton","Stephenson","Polaria","No"
"Alana","Greene","Tubesys","No"
"Angeline","Riley","Ecosys","No"
"Kerri","Spence","Podunk","Yes"
"Cherie","Burgess","Zidant","Yes"
"Atkins","Meadows","Accupharm","No"
"Deanne","Le","Emergent","No"
"Martinez","Byrd","Tetratrex","Yes"
"Evans","Hoffman","Plasto","Yes"
"Rebekah","Guy","Malathion","Yes"
"Elvia","Elliott","Boilcat","No"
"Padilla","Cooley","Comvex","No"
"Solomon","Mclean","Cosmosis","Yes"
"Bond","Andrews","Quotezart","No"
"Shelley","Slater","Digigene","No"
"Mcintosh","Garrison","Pheast","Yes"
"Arlene","Jefferson","Sultraxin","No"
"Cassandra","Taylor","Eclipsent","No"
"Soto","Vance","Imaginart","No"
"Ruiz","Stark","Helixo","Yes"
"Sofia","Glass","Otherside","Yes"
"Robles","Henderson","Recritube","No"
"Leta","Aguirre","Wazzu","No"
"Blackburn","Kennedy","Overplex","No"
"Tamra","Solis","Waab","Yes"
"Trevino","Morrison","Isotronic","Yes"
"Delia","Mason","Cujo","No"
"Blake","Woods","Krag","Yes"
"Mayo","Levine","Koffee","No"
"Cecelia","Rivers","Combogen","No"
"Alissa","Short","Corecom","No"
"Adele","Chandler","Entality","No"
"Rhonda","Sanchez","Zentility","No"
"Geneva","Barnett","Recognia","Yes"
"Brandi","Padilla","Pearlessa","No"
"Kidd","Potts","Equitax","No"
"Ball","Petty","Extragene","No"
"Mayer","Stokes","Kongene","Yes"
"Cherry","Church","Nixelt","No"
"Cantrell","Wilkins","Accufarm","Yes"
"Glover","Barber","Euron","No"
"Dorothea","Gould","Tropolis","No"
"Glenn","Kemp","Proflex","Yes"
"Noble","Glenn","Comtrail","Yes"
"Moon","Santana","Zillacom","Yes"
"Blanche","Benton","Insuron","Yes"
"Kathy","Fitzgerald","Opticall","No"
"Duran","Hale","Zenco","No"
"Hubbard","Sexton","Enerforce","No"
"Manning","Baird","Translink","Yes"
"Reilly","Bridges","Filodyne","Yes"
"Keith","Pena","Xelegyl","No"
"Jodie","Holloway","Enormo","Yes"
"Jami","Wooten","Netility","No"
"Liz","Sykes","Hinway","No"
"Raquel","Gibbs","Zentury","Yes"
"Crane","Phillips","Mazuda","Yes"
"Strickland","Kidd","Ovolo","Yes"
"Lula","Sanford","Ecstasia","Yes"
"Rodriquez","Curry","Neurocell","No"
"Andrea","Sweet","Namegen","Yes"
"Lana","Robbins","Dyno","Yes"
"Tran","Lowery","Farmex","Yes"
"Annmarie","Pitts","Goko","No"
"Bass","Mendez","Rockabye","No"
"Irma","Avery","Primordia","Yes"
"Evangelina","Valentine","Dognosis","Yes"
"Cruz","Cochran","Opticon","Yes"
"Bowers","Talley","Canopoly","Yes"
"Rosemarie","Grant","Lexicondo","Yes"
"Waller","Lee","Scentric","Yes"
"Billie","Hodge","Talkola","Yes"
"Stanley","Gaines","Slumberia","Yes"
"Petra","Mejia","Infotrips","Yes"
"Wilkerson","Bradley","Apextri","Yes"
"Brenda","Medina","Nurplex","Yes"
"Burt","Hensley","Utara","Yes"
"Annabelle","Wright","Zinca","Yes"
"Obrien","Chapman","Xoggle","Yes"
"Cline","Dickerson","Printspan","Yes"
"Hilary","Justice","Zaggle","Yes"
"Emilia","Bowen","Kage","Yes"
"Bethany","Frost","Ovium","Yes"
"Sarah","Marshall","Steelfab","Yes"
"Battle","Vega","Geekol","Yes"
"Shelly","Mcgowan","Illumity","Yes"
"Ortega","Pierce","Ontagene","No"
"Palmer","Stafford","Bitendrex","No"
"Parker","Marsh","Insuresys","No"
"Rowena","English","Parleynet","Yes"
"Liza","Lyons","Navir","Yes"
"Rebecca","Tyler","Zilphur","Yes"
"Stefanie","Cruz","Xanide","Yes"
"Chaney","Arnold","Boink","No"
"Whitney","Herman","Cofine","No"
"Leonard","Christensen","Capscreen","Yes"
"Crawford","Erickson","Securia","Yes"
"Belinda","Mccormick","Zerology","No"
"Toni","Pratt","Voratak","Yes"
"Jody","Serrano","Geekology","Yes"
"West","Mcintosh","Snorus","No"
"Angelita","Hooper","Architax","No"
"Sheena","Newton","Senmei","Yes"
"Harrell","Lara","Zomboid","Yes"
"Oneal","Melton","Visalia","No"
"Rowland","Dunlap","Globoil","Yes"
"Simon","Park","Fortean","No"
"Claudette","Coleman","Zilch","No"
"Carey","Holmes","Aquasseur","No"
"Quinn","Brennan","Equitox","Yes"
"Wallace","Johnson","Elpro","Yes"
"Kathryn","Mays","Orbean","No"
"York","Adkins","Stockpost","Yes"
"Patrick","Wilkinson","Sunclipse","Yes"
"Kelly","Dunn","Daycore","Yes"
"Latisha","Deleon","Enthaze","Yes"
"Garrison","Fletcher","Qimonk","Yes"
"Tamera","Ortiz","Anarco","No"
"Jeanine","Hyde","Freakin","No"
"Mccarty","Cabrera","Motovate","No"
"Moss","Decker","Maroptic","No"
"Greta","Lindsey","Roboid","Yes"
"Nona","Kelly","Vitricomp","Yes"
"Vincent","Casey","Zensure","Yes"
"Amber","Carver","Blanet","Yes"
"Hart","Mathews","Columella","Yes"
"Jeanne","Cannon","Ecratic","Yes"
"Maddox","Davidson","Corepan","Yes"
"Livingston","Tate","Zoxy","No"
"Joanna","Calderon","Squish","Yes"
"Hartman","Powell","Suretech","Yes"
"Church","Williamson","Extragen","Yes"
"Kerry","Gilliam","Earthwax","No"
"Lara","Mueller","Cytrek","Yes"
"Best","Singleton","Bytrex","No"
"Bernice","Walsh","Manglo","No"
"Noel","Watts","Digigen","Yes"
"Mathews","Holden","Kaggle","No"
"Anastasia","Combs","Quintity","No"
"Gray","Oneil","Flumbo","No"
"Huffman","Cain","Realmo","Yes"
"Paula","Bender","Rodeomad","No"
"Rowe","Kramer","Nimon","No"
"Lauren","Cobb","Ronelon","Yes"
"Guy","Baldwin","Electonic","Yes"
"Alisa","Gonzales","Protodyne","Yes"
"Ramos","Strong","Telequiet","Yes"
"Monroe","Rosario","Confrenzy","No"
"Kent","Reilly","Xeronk","No"
"Mcmillan","Holland","Nexgene","No"
"Olga","Wells","Optyk","No"
"Chase","Finley","Exodoc","Yes"
"Stafford","Rodgers","Exostream","No"
"Joanne","Clay","Elita","No"
"Lara","Morrow","Virva","No"
"Parks","Alford","Qualitern","Yes"
"Schultz","Pope","Accruex","No"
"Vonda","Huber","Dognost","Yes"
"Sims","Frazier","Xurban","Yes"
"Puckett","Wood","Valreda","No"
"Katina","Houston","Orboid","Yes"
"Trujillo","Irwin","Bluplanet","No"
"Willis","Cook","Zillacon","No"
"Combs","Alexander","Yurture","No"
"Carver","Stein","Inquala","Yes"
"Hebert","West","Fangold","No"
"Park","House","Premiant","Yes"
"Ashley","Caldwell","Speedbolt","Yes"
"Rice","Mccoy","Bisba","Yes"
"Oliver","Simmons","Eventix","Yes"
"Torres","Rowe","Gushkool","Yes"
"Joyce","Barker","Unq","Yes"
"Guerra","Walker","Quailcom","No"
"Leslie","Lester","Artworlds","No"
"Althea","Page","Centice","No"
"Maggie","Wade","Deepends","No"
"Nielsen","Norman","Magmina","Yes"
"Gallagher","Herring","Insurity","Yes"
"Penny","York","Hometown","No"
"Jacqueline","Conrad","Digirang","Yes"
"Downs","Cunningham","Steeltab","No"
"Coleen","Boyle","Sealoud","No"
"Webster","Thornton","Tri@Tribalog","No"
"Reynolds","Bennett","Calcu","No"
"Moody","Shepard","Candecor","No"
"Beulah","Webb","Centregy","Yes"
"Zelma","Colon","Pearlesex","Yes"
"Rachael","Rios","Perkle","Yes"
"Leola","Peck","Conferia","No"
"Cooper","Underwood","Miracula","Yes"
"Barbara","Mcfadden","Strezzo","Yes"
"Sullivan","Guerrero","Marketoid","Yes"
"Barr","Wilder","Endipin","No"
"Hampton","Salinas","Pushcart","No"
"Madelyn","Sargent","Centrexin","Yes"
"Tracey","Mccarthy","Remotion","No"
"Kline","Perkins","Norali","Yes"
"Eve","Hickman","Kineticut","No"
"Sophie","Lancaster","Konnect","No"
"Dominguez","Gross","Anocha","No"
"Mullins","Moss","Tropoli","Yes"
"Roslyn","Schwartz","Zyple","Yes"
"Gibson","Marks","Nikuda","No"
"Becker","Rosales","Calcula","Yes"
"Fletcher","Horn","Fishland","Yes"
"Cassie","Rojas","Zillactic","No"
"Trisha","Coffey","Aeora","Yes"
"Ofelia","Sims","Isologix","No"
"Claire","Rogers","Plutorque","No"
"Mueller","Thomas","Futuris","Yes"
"Tameka","Bentley","Surelogic","Yes"
"Bridgett","Valenzuela","Techade","Yes"
"Leanna","Goff","Poshome","No"
"Harriet","Bryant","Enaut","No"
"Marisol","Mcintyre","Insectus","Yes"
"Justine","Mcdonald","Intrawear","Yes"
"Garcia","Roberts","Kiosk","No"
"Hatfield","Winters","Medcom","No"
"Tia","Velasquez","Oronoko","Yes"
"Guadalupe","Mercer","Vantage","No"
"Porter","Goodman","Progenex","Yes"
"Marianne","Waters","Frolix","Yes"
"Boyer","Morales","Toyletry","Yes"
"Elsie","Maxwell","Exospace","Yes"
"Berger","Blake","Applideck","No"
"Delaney","Fischer","Buzzmaker","Yes"
"Odessa","Shaw","Combogene","No"
"Chandler","Riddle","Geofarm","No"
"Glenna","Castillo","Zedalis","No"
"Jennings","Gonzalez","Indexia","No"
"Leann","Bond","Tingles","Yes"
"Flowers","Lowe","Poochies","No"
"Doreen","Michael","Microluxe","Yes"
"Jasmine","Calhoun","Lingoage","Yes"
"Norma","Aguilar","Melbacor","Yes"
"Socorro","Gates","Ramjob","Yes"
"Flora","Wagner","Corpulse","No"
"Castillo","Ward","Reversus","No"
"Weeks","Luna","Centuria","No"
"Bridgette","Chase","Ultrasure","No"
"Ochoa","Gregory","Zounds","Yes"
"Rosalind","Duncan","Orbaxter","No"
"Queen","Patton","Sensate","Yes"
"Florine","Mccullough","Xumonk","No"
"Ramsey","Saunders","Norsup","Yes"
"Kemp","Case","Netur","No"
"Copeland","Joyce","Uplinx","Yes"
"Freda","Cleveland","Isologics","Yes"
"Staci","Beck","Snowpoke","No"
"Patrice","Gutierrez","Comcubine","Yes"
"Cash","Francis","Isoternia","Yes"
"Lee","Carr","Emoltra","No"
"Stein","Rush","Idego","No"
"Valerie","Stanton","Applidec","No"
"Salazar","Barton","Unisure","Yes"
"Bonner","Stevens","Imperium","Yes"
"Mann","Nguyen","Songbird","Yes"
"Taylor","Wyatt","Uxmox","Yes"
"Payne","Malone","Zillar","Yes"
"Rivers","Chen","Bulljuice","Yes"
"Freida","Lambert","Tourmania","No"
"Duncan","Leach","Nebulean","No"
"Sheppard","Thompson","Quonata","Yes"
"Howe","Montgomery","Stelaecor","No"
"Rosalyn","Donovan","Arctiq","No"
"Dalton","Tillman","Providco","No"
"Duke","Bolton","Ersum","No"
"Edwina","Buchanan","Puria","No"
"Kelly","Estrada","Accusage","Yes"
"Boyle","Gardner","Bullzone","No"
"Isabelle","Dotson","Ecraze","Yes"
"Cameron","Warren","Multiflex","No"
"Denise","Raymond","Sureplex","Yes"
"Madeline","Woodard","Trollery","No"
"Kaitlin","Bullock","Roughies","Yes"
"Hewitt","Parrish","Ebidco","Yes"
"Tamika","Suarez","Gogol","No"
"Lowery","Martin","Immunics","No"
"Virginia","Ramirez","Portico","No"
"Green","Oneill","Automon","No"
"Mae","Horton","Billmed","No"
"Shepherd","Foley","Aquamate","Yes"
"Sweeney","Peters","Orbin","Yes"
"Odom","Bowers","Tersanki","No"
"Karyn","Ferrell","Artiq","No"
"Hogan","Chavez","Bristo","Yes"
"Jaclyn","May","Gadtron","Yes"
"Chandra","Nunez","Izzby","No"
"Kaye","Dorsey","Polarax","No"
"Fanny","Hurst","Zaya","Yes"
"Haley","Wiley","Jimbies","Yes"
"Hernandez","Marquez","Martgo","No"
"Marilyn","Mcpherson","Isotrack","Yes"
"Deena","Estes","Omnigog","No"
"Christensen","Sampson","Zosis","No"
"Preston","Christian","Vurbo","No"
"Essie","Charles","Vixo","No"
"Daisy","William","Zolavo","No"
"Rosie","Guthrie","Polarium","Yes"
"Strong","Henson","Empirica","No"
"Davenport","Harrell","Entropix","No"
"Jenifer","Lindsay","Minga","No"
"Peterson","Odonnell","Oceanica","No"
"Maryanne","Robertson","Isologica","No"
"Weaver","Ball","Lovepad","No"
"Lynne","Bauer","Octocore","Yes"
"Mcneil","Albert","Idetica","No"
"Joy","Kent","Liquicom","Yes"
"Elma","Norris","Limozen","Yes"
"Chrystal","Flores","Concility","Yes"
"Katy","Carson","Zentime","No"
"Marva","Hays","Eyewax","Yes"
"Vinson","Castro","Anixang","Yes"
"Louise","Moreno","Velity","Yes"
"Frederick","Obrien","Zentix","No"
"Etta","Ramsey","Retrotex","No"
"Calderon","Prince","Multron","Yes"
"Collins","Mckee","Zidox","No"
"Magdalena","Daugherty","Isosure","No"
"Hall","Hicks","Buzzworks","Yes"
"Marisa","Moran","Bezal","No"
"Christine","Whitfield","Papricut","Yes"
"Alejandra","Frye","Adornica","Yes"
"Joan","Cross","Shopabout","Yes"
"Montgomery","Griffin","Zanilla","Yes"
"Randi","Reed","Aquacine","No"
"Janie","Olsen","Realysis","No"
"Campos","Holman","Voipa","No"
"Florence","Cortez","Paprikut","No"
"Camacho","Welch","Assurity","Yes"
"Kathie","Stewart","Suremax","Yes"
"Lorna","Fields","Isostream","No"
"Lyons","Clark","Qaboos","Yes"
"Leon","Sandoval","Zaj","No"
"Kara","Moore","Netplode","Yes"
"Myrtle","Velez","Maxemia","No"
"Jessica","Kline","Envire","No"
"Dale","Hewitt","Accuprint","No"
"Davidson","Sheppard","Darwinium","No"
"Henrietta","Ewing","Moreganic","No"
"Saunders","Ayers","Skyplex","Yes"
"Lillian","Carrillo","Aquasure","Yes"
"Decker","Schroeder","Applica","Yes"
"Susana","Nolan","Virxo","No"
"Bernadette","Best","Avenetro","No"
"Rosalinda","Crawford","Comtrek","No"
"French","Abbott","Gonkle","Yes"
"Ingram","Hatfield","Tetak","Yes"
"Garrett","Pacheco","Kog","Yes"
"Patterson","Barlow","Comveyer","Yes"
"Bray","Gallegos","Acrodance","Yes"
"Britt","Phelps","Terrago","No"
"Davis","Salas","Xixan","Yes"
"Amanda","Hubbard","Keengen","No"
"Dyer","Skinner","Valpreal","No"
"Tracy","Washington","Futurity","No"
"Mills","Larson","Zentia","Yes"
"Velez","Fox","Quantalia","Yes"
"Bennett","Hardin","Cinaster","Yes"
"Brooks","Horne","Signidyne","No"
"Cain","Young","Aquazure","Yes"
"Horn","Navarro","Housedown","No"
"Geraldine","Owens","Plasmox","Yes"
"Ida","Dejesus","Organica","No"
"Pate","Oneal","Amril","Yes"
"Howell","Snyder","Pivitol","Yes"
"Alexandra","Wise","Ewaves","Yes"
"Wolf","Hurley","Handshake","No"
"Aurora","Richard","Eschoir","No"
"Dixie","Small","Quility","No"
"Deleon","Dyer","Blurrybus","No"
"Mejia","Huff","Sportan","Yes"
"Kennedy","Good","Geekko","Yes"
"Velma","Trevino","Terrasys","Yes"
"Meyer","Bonner","Combot","No"
"Contreras","Kane","Comvey","No"
"Woodward","Neal","Vinch","No"
"Carrillo","Simpson","Emtrak","No"
"Kenya","Guerra","Cablam","Yes"
"Jayne","Hood","Biolive","Yes"
"Ayala","Walls","Solaren","Yes"
"Griffin","Galloway","Typhonica","No"
"Opal","Holt","Anivet","No"
"Pamela","Potter","Gink","No"
"Pearson","Britt","Kyagoro","Yes"
"Desiree","Knowles","Extremo","Yes"
"Grace","Dennis","Gleamink","Yes"
"Wilma","Murray","Comtext","No"
"Shana","Miranda","Rooforia","Yes"
"Nettie","Garrett","Cogentry","Yes"
"Whitaker","Blackburn","Medmex","Yes"
"Tyson","Burke","Exospeed","Yes"
"Janine","Mcmahon","Genmom","No"
"Lauri","Nieves","Lumbrex","No"
"Margery","Howe","Xsports","No"
"Dillard","Weber","Hyplex","Yes"
"Sloan","Wheeler","Katakana","Yes"
"Kristin","Sears","Techmania","Yes"
"Jewel","Villarreal","Zolarity","No"
"Rhoda","Flowers","Kenegy","No"
"Kris","Whitney","Autograte","Yes"
"Mcgowan","Lane","Medifax","Yes"
"Moore","Holcomb","Zillatide","No"
"Foster","Campbell","Xerex","No"
"Savage","Farmer","Ozean","Yes"
"Emily","Jimenez","Quiltigen","No"
"May","Knight","Earbang","Yes"
"Gay","Ruiz","Ontality","No"
"Murray","Burris","Enquility","No"
"Aline","Glover","Zepitope","No"
"Harrington","Wolf","Hopeli","Yes"
"Phyllis","Battle","Syntac","No"
"Sherrie","Green","Noralex","No"
"Olson","Hogan","Exosis","Yes"
"Jones","Morris","Atomica","No"
"Deidre","Rose","Exerta","Yes"
"Misty","Duran","Maineland","Yes"
"Krystal","Shannon","Geekmosis","Yes"
"Rhea","Merrill","Accidency","Yes"
"Lelia","Hines","Solgan","Yes"
"Luz","Swanson","Otherway","Yes"
"Rios","Cervantes","Lyria","Yes"
"Hinton","Osborne","Coash","Yes"
"Stokes","Delacruz","Liquidoc","Yes"
"Maura","Jarvis","Twiggery","No"
"Sophia","Alvarez","Zisis","No"
"Guerrero","Lynch","Fanfare","Yes"
"Ashley","Cooke","Exotechno","Yes"
"Sawyer","Haley","Renovize","No"
"Corina","Delaney","Daido","Yes"
"Maude","Zamora","Kidstock","No"
"Brittney","Daniels","Krog","Yes"
"Alvarez","Clements","Edecine","No"
"Weiss","Witt","Comveyor","Yes"
"Jacobs","Crane","Terascape","Yes"
"Buckner","Roach","Tripsch","Yes"
"Carson","Mcneil","Xleen","Yes"
"Pickett","Hughes","Glukgluk","Yes"
"Kirsten","Conner","Brainquil","Yes"
"Mendez","Berger","Exoteric","No"
"Sue","Blankenship","Mobildata","No"
"Grimes","Torres","Zillanet","Yes"
"Ginger","Daniel","Neptide","Yes"
"Lena","Anthony","Flotonic","No"
"Alyssa","Garza","Imageflow","No"
"Neva","Lopez","Neteria","No"
"Deirdre","Berry","Isosphere","Yes"
"Joni","Tucker","Springbee","No"
"Deloris","Sellers","Prowaste","Yes"
"Sonya","Brown","Bedder","No"
"Suzette","Harrison","Imant","No"
"Janelle","Maddox","Xymonk","No"
"Gertrude","Poole","Dogspa","No"
"Rachelle","Hahn","Dancity","Yes"
"Rollins","Foreman","Kengen","No"
"Watson","Rasmussen","Pyramis","Yes"
"Shelia","Haney","Macronaut","Yes"
"Karin","Carpenter","Zoarere","No"
"Buck","Livingston","Thredz","Yes"
"Clarissa","Peterson","Uni","No"
"Holly","Maynard","Opticom","Yes"
"Bryan","Kelley","Pulze","No"
"Fowler","Cummings","Nutralab","No"
"Mitzi","Burt","Geeknet","No"
"Robin","Ratliff","Kiggle","No"
"Baker","Ross","Xth","Yes"
"Charles","Stanley","Medalert","Yes"
"Solis","Williams","Qot","Yes"
"Estrada","Everett","Xiix","No"
"Aileen","Munoz","Utarian","Yes"
"Pat","Macdonald","Megall","Yes"
"Merritt","Jensen","Cincyr","No"
"Cobb","Allen","Delphide","Yes"
"Diaz","Garcia","Pharmacon","No"
"Dora","Fry","Entroflex","No"
"Rena","Olson","Geeky","Yes"
"Powers","Morse","Techtrix","No"
"Cindy","Robinson","Keeg","No"
"Aimee","Cohen","Magnafone","Yes"
"Skinner","Payne","Sequitur","Yes"
"Fernandez","Compton","Terragen","Yes"